trial,testing,parameters,initial_deadline,final_deadline,net_reward,actions,success
1,False,"{'a': 0.355, 'e': 0.9900498337491681}",20,0,-99.90812766164105,"{0: 12, 1: 2, 2: 4, 3: 1, 4: 1}",0
2,False,"{'a': 0.355, 'e': 0.9801986733067554}",20,0,-74.50766960834339,"{0: 11, 1: 4, 2: 3, 3: 2, 4: 0}",0
3,False,"{'a': 0.355, 'e': 0.9704455335485082}",25,0,-168.43116420071735,"{0: 12, 1: 4, 2: 6, 3: 1, 4: 2}",0
4,False,"{'a': 0.355, 'e': 0.9607894391523232}",20,0,-130.79048299398832,"{0: 12, 1: 1, 2: 4, 3: 1, 4: 2}",0
5,False,"{'a': 0.355, 'e': 0.9512294245007139}",25,0,-137.0880168198868,"{0: 14, 1: 2, 2: 6, 3: 2, 4: 1}",0
6,False,"{'a': 0.355, 'e': 0.9417645335842487}",20,0,-25.889110077874967,"{0: 14, 1: 4, 2: 2, 3: 0, 4: 0}",0
7,False,"{'a': 0.355, 'e': 0.9323938199059482}",20,0,-63.449534160454306,"{0: 15, 1: 2, 2: 2, 3: 0, 4: 1}",0
8,False,"{'a': 0.355, 'e': 0.9231163463866358}",20,13,-9.346411157886898,"{0: 6, 1: 0, 2: 0, 3: 1, 4: 0}",1
9,False,"{'a': 0.355, 'e': 0.9139311852712282}",30,0,-140.58678765870908,"{0: 20, 1: 6, 2: 1, 3: 0, 4: 3}",0
10,False,"{'a': 0.355, 'e': 0.9048374180359595}",20,0,-133.18977580752275,"{0: 11, 1: 3, 2: 3, 3: 1, 4: 2}",0
11,False,"{'a': 0.355, 'e': 0.8958341352965282}",20,6,-68.55977287491729,"{0: 9, 1: 1, 2: 2, 3: 1, 4: 1}",1
12,False,"{'a': 0.355, 'e': 0.8869204367171575}",20,0,-79.31389555172184,"{0: 11, 1: 2, 2: 6, 3: 1, 4: 0}",0
13,False,"{'a': 0.355, 'e': 0.8780954309205614}",20,0,-70.74805392179465,"{0: 12, 1: 4, 2: 3, 3: 0, 4: 1}",0
14,False,"{'a': 0.355, 'e': 0.8693582353988057}",25,0,-162.0754548459532,"{0: 15, 1: 1, 2: 5, 3: 2, 4: 2}",0
15,False,"{'a': 0.355, 'e': 0.8607079764250578}",25,0,-93.19146872636534,"{0: 15, 1: 5, 2: 4, 3: 0, 4: 1}",0
16,False,"{'a': 0.355, 'e': 0.8521437889662113}",20,0,-60.124508585048,"{0: 13, 1: 5, 2: 1, 3: 0, 4: 1}",0
17,False,"{'a': 0.355, 'e': 0.8436648165963837}",25,10,-36.91221456366904,"{0: 11, 1: 3, 2: 0, 3: 0, 4: 1}",1
18,False,"{'a': 0.355, 'e': 0.835270211411272}",30,0,-99.22819161103027,"{0: 18, 1: 6, 2: 5, 3: 0, 4: 1}",0
19,False,"{'a': 0.355, 'e': 0.8269591339433623}",25,0,-71.55353549150897,"{0: 19, 1: 3, 2: 1, 3: 1, 4: 1}",0
20,False,"{'a': 0.355, 'e': 0.8187307530779818}",30,9,-86.16556308389156,"{0: 15, 1: 2, 2: 2, 3: 0, 4: 2}",1
21,False,"{'a': 0.355, 'e': 0.8105842459701872}",25,8,-55.82316720583336,"{0: 9, 1: 1, 2: 7, 3: 0, 4: 0}",1
22,False,"{'a': 0.355, 'e': 0.8025187979624785}",25,0,-150.2764726754825,"{0: 13, 1: 2, 2: 6, 3: 3, 4: 1}",0
23,False,"{'a': 0.355, 'e': 0.794533602503334}",20,7,-23.372156113725083,"{0: 10, 1: 1, 2: 1, 3: 1, 4: 0}",1
24,False,"{'a': 0.355, 'e': 0.7866278610665534}",25,0,-119.1778067224139,"{0: 12, 1: 5, 2: 5, 3: 3, 4: 0}",0
25,False,"{'a': 0.355, 'e': 0.7788007830714049}",20,0,-65.02996576046579,"{0: 15, 1: 1, 2: 2, 3: 1, 4: 1}",0
26,False,"{'a': 0.355, 'e': 0.7710515858035663}",20,0,-96.22788561728503,"{0: 10, 1: 6, 2: 2, 3: 1, 4: 1}",0
27,False,"{'a': 0.355, 'e': 0.7633794943368533}",25,0,-72.32451160536948,"{0: 17, 1: 5, 2: 1, 3: 1, 4: 1}",0
28,False,"{'a': 0.355, 'e': 0.7557837414557255}",25,0,-77.20234751397071,"{0: 14, 1: 4, 2: 7, 3: 0, 4: 0}",0
29,False,"{'a': 0.355, 'e': 0.7482635675785653}",25,12,1.4624612835572863,"{0: 11, 1: 0, 2: 2, 3: 0, 4: 0}",1
30,False,"{'a': 0.355, 'e': 0.7408182206817179}",20,2,-67.1350346757307,"{0: 13, 1: 0, 2: 3, 3: 1, 4: 1}",1
31,False,"{'a': 0.355, 'e': 0.7334469562242892}",20,0,-35.20729652412524,"{0: 13, 1: 3, 2: 4, 3: 0, 4: 0}",0
32,False,"{'a': 0.355, 'e': 0.7261490370736908}",20,9,-90.56516811007744,"{0: 4, 1: 3, 2: 2, 3: 1, 4: 1}",1
33,False,"{'a': 0.355, 'e': 0.7189237334319262}",25,0,-55.98438375832139,"{0: 17, 1: 3, 2: 4, 3: 1, 4: 0}",0
34,False,"{'a': 0.355, 'e': 0.7117703227626098}",20,8,-79.30013011535571,"{0: 8, 1: 2, 2: 0, 3: 0, 4: 2}",1
35,False,"{'a': 0.355, 'e': 0.7046880897187134}",20,16,6.7261305144125725,"{0: 4, 1: 0, 2: 0, 3: 0, 4: 0}",1
36,False,"{'a': 0.355, 'e': 0.6976763260710311}",30,12,-101.88787540749175,"{0: 11, 1: 2, 2: 3, 3: 0, 4: 2}",1
37,False,"{'a': 0.355, 'e': 0.6907343306373547}",25,0,-97.19807924702417,"{0: 18, 1: 1, 2: 4, 3: 0, 4: 2}",0
38,False,"{'a': 0.355, 'e': 0.6838614092123559}",25,11,-11.25181529819958,"{0: 10, 1: 3, 2: 1, 3: 0, 4: 0}",1
39,False,"{'a': 0.355, 'e': 0.6770568744981647}",30,12,3.3531587547800763,"{0: 15, 1: 2, 2: 1, 3: 0, 4: 0}",1
40,False,"{'a': 0.355, 'e': 0.6703200460356393}",30,24,8.445500204174198,"{0: 6, 1: 0, 2: 0, 3: 0, 4: 0}",1
41,False,"{'a': 0.355, 'e': 0.6636502501363193}",35,19,-88.85848187826853,"{0: 12, 1: 1, 2: 0, 3: 1, 4: 2}",1
42,False,"{'a': 0.355, 'e': 0.6570468198150569}",25,0,-28.693603098422848,"{0: 19, 1: 2, 2: 4, 3: 0, 4: 0}",0
43,False,"{'a': 0.355, 'e': 0.6505090947233165}",25,17,-13.161119234738596,"{0: 6, 1: 0, 2: 2, 3: 0, 4: 0}",1
44,False,"{'a': 0.355, 'e': 0.6440364210831414}",20,0,-181.94395783143284,"{0: 12, 1: 0, 2: 4, 3: 0, 4: 4}",0
45,False,"{'a': 0.355, 'e': 0.6376281516217732}",20,0,-134.20302015861193,"{0: 10, 1: 4, 2: 3, 3: 1, 4: 2}",0
46,False,"{'a': 0.355, 'e': 0.631283645506926}",20,8,-14.32600883303599,"{0: 10, 1: 0, 2: 1, 3: 1, 4: 0}",1
47,False,"{'a': 0.355, 'e': 0.6250022682827008}",20,0,-103.30394745398372,"{0: 10, 1: 4, 2: 4, 3: 1, 4: 1}",0
48,False,"{'a': 0.355, 'e': 0.6187833918061408}",25,9,-25.450577224347203,"{0: 12, 1: 1, 2: 2, 3: 1, 4: 0}",1
49,False,"{'a': 0.355, 'e': 0.6126263941844161}",20,0,-3.7626824421845724,"{0: 17, 1: 1, 2: 2, 3: 0, 4: 0}",0
50,False,"{'a': 0.355, 'e': 0.6065306597126334}",30,0,-72.74546310836944,"{0: 22, 1: 2, 2: 5, 3: 0, 4: 1}",0
51,False,"{'a': 0.355, 'e': 0.6004955788122659}",20,12,-28.236156571270136,"{0: 7, 1: 0, 2: 0, 3: 0, 4: 1}",1
52,False,"{'a': 0.355, 'e': 0.5945205479701943}",25,13,-41.360989906649834,"{0: 9, 1: 1, 2: 1, 3: 0, 4: 1}",1
53,False,"{'a': 0.355, 'e': 0.5886049696783552}",20,0,-59.216771316874876,"{0: 14, 1: 2, 2: 3, 3: 0, 4: 1}",0
54,False,"{'a': 0.355, 'e': 0.5827482523739896}",30,0,-40.53604855375767,"{0: 22, 1: 5, 2: 2, 3: 1, 4: 0}",0
55,False,"{'a': 0.355, 'e': 0.5769498103804866}",30,0,-44.271109037223376,"{0: 26, 1: 0, 2: 2, 3: 1, 4: 1}",0
56,False,"{'a': 0.355, 'e': 0.5712090638488149}",20,13,6.87075895421657,"{0: 6, 1: 1, 2: 0, 3: 0, 4: 0}",1
57,False,"{'a': 0.355, 'e': 0.5655254386995371}",25,14,-7.592023156494259,"{0: 8, 1: 1, 2: 2, 3: 0, 4: 0}",1
58,False,"{'a': 0.355, 'e': 0.559898366565402}",30,7,-13.521366706559618,"{0: 18, 1: 2, 2: 3, 3: 0, 4: 0}",1
59,False,"{'a': 0.355, 'e': 0.554327284734507}",20,0,-50.75336400253268,"{0: 15, 1: 1, 2: 3, 3: 0, 4: 1}",0
60,False,"{'a': 0.355, 'e': 0.5488116360940265}",20,0,-208.00138792365263,"{0: 11, 1: 1, 2: 2, 3: 2, 4: 4}",0
61,False,"{'a': 0.355, 'e': 0.5433508690744998}",25,0,-83.76677133345196,"{0: 19, 1: 2, 2: 2, 3: 0, 4: 2}",0
62,False,"{'a': 0.355, 'e': 0.5379444375946745}",20,6,2.0639804628161142,"{0: 12, 1: 1, 2: 1, 3: 0, 4: 0}",1
63,False,"{'a': 0.355, 'e': 0.5325918010068972}",20,0,-25.440764225353064,"{0: 16, 1: 1, 2: 2, 3: 1, 4: 0}",0
64,False,"{'a': 0.355, 'e': 0.5272924240430485}",35,7,-19.9841002648408,"{0: 22, 1: 1, 2: 5, 3: 0, 4: 0}",1
65,False,"{'a': 0.355, 'e': 0.522045776761016}",25,0,-116.09113620567257,"{0: 16, 1: 3, 2: 4, 3: 0, 4: 2}",0
66,False,"{'a': 0.355, 'e': 0.5168513344916992}",25,3,-21.75927220328024,"{0: 17, 1: 1, 2: 4, 3: 0, 4: 0}",1
67,False,"{'a': 0.355, 'e': 0.5117085777865424}",25,7,-56.73334269141528,"{0: 14, 1: 1, 2: 1, 3: 1, 4: 1}",1
68,False,"{'a': 0.355, 'e': 0.5066169923655895}",20,0,-93.8976346520582,"{0: 13, 1: 1, 2: 3, 3: 2, 4: 1}",0
69,False,"{'a': 0.355, 'e': 0.5015760690660555}",25,3,-51.3838069781705,"{0: 16, 1: 3, 2: 2, 3: 0, 4: 1}",1
70,False,"{'a': 0.355, 'e': 0.49658530379140947}",25,17,12.614855320932419,"{0: 8, 1: 0, 2: 0, 3: 0, 4: 0}",1
71,False,"{'a': 0.355, 'e': 0.4916441974609651}",25,13,-7.329855178256166,"{0: 10, 1: 1, 2: 0, 3: 1, 4: 0}",1
72,False,"{'a': 0.355, 'e': 0.4867522559599717}",20,6,-51.1532651464296,"{0: 10, 1: 1, 2: 2, 3: 0, 4: 1}",1
73,False,"{'a': 0.355, 'e': 0.4819089900902025}",35,4,-27.78810881013283,"{0: 24, 1: 2, 2: 5, 3: 0, 4: 0}",1
74,False,"{'a': 0.355, 'e': 0.47711391552103444}",35,20,7.34718958310655,"{0: 13, 1: 1, 2: 1, 3: 0, 4: 0}",1
75,False,"{'a': 0.355, 'e': 0.4723665527410147}",20,0,-117.62110786559066,"{0: 15, 1: 1, 2: 1, 3: 0, 4: 3}",0
76,False,"{'a': 0.355, 'e': 0.4676664270099093}",20,0,-32.11526156773642,"{0: 17, 1: 0, 2: 2, 3: 0, 4: 1}",0
77,False,"{'a': 0.355, 'e': 0.463013068311228}",20,0,-45.41304234238375,"{0: 15, 1: 3, 2: 1, 3: 0, 4: 1}",0
78,False,"{'a': 0.355, 'e': 0.45840601130522357}",20,9,15.006056419965201,"{0: 10, 1: 1, 2: 0, 3: 0, 4: 0}",1
79,False,"{'a': 0.355, 'e': 0.4538447952823558}",30,0,1.1986907696462594,"{0: 26, 1: 1, 2: 3, 3: 0, 4: 0}",0
80,False,"{'a': 0.355, 'e': 0.44932896411722156}",30,10,-31.358960354272078,"{0: 17, 1: 0, 2: 2, 3: 0, 4: 1}",1
81,False,"{'a': 0.355, 'e': 0.44485806622294105}",20,0,-11.70963070885966,"{0: 16, 1: 1, 2: 3, 3: 0, 4: 0}",0
82,False,"{'a': 0.355, 'e': 0.4404316545059992}",20,0,-4.065609765805988,"{0: 18, 1: 0, 2: 1, 3: 1, 4: 0}",0
83,False,"{'a': 0.355, 'e': 0.43604928632153556}",30,15,-8.435207934046915,"{0: 12, 1: 0, 2: 3, 3: 0, 4: 0}",1
84,False,"{'a': 0.355, 'e': 0.43171052342907973}",20,12,8.497410298449369,"{0: 7, 1: 1, 2: 0, 3: 0, 4: 0}",1
85,False,"{'a': 0.355, 'e': 0.4274149319487267}",20,7,-32.816696629105664,"{0: 11, 1: 0, 2: 1, 3: 0, 4: 1}",1
86,False,"{'a': 0.355, 'e': 0.4231620823177489}",20,0,-14.359045385506729,"{0: 15, 1: 2, 2: 3, 3: 0, 4: 0}",0
87,False,"{'a': 0.355, 'e': 0.418951549247639}",20,8,-31.152633214083764,"{0: 10, 1: 1, 2: 0, 3: 0, 4: 1}",1
88,False,"{'a': 0.355, 'e': 0.4147829116815814}",30,16,5.9498667196796315,"{0: 12, 1: 0, 2: 2, 3: 0, 4: 0}",1
89,False,"{'a': 0.355, 'e': 0.4106557527523455}",25,0,-178.53174125782147,"{0: 13, 1: 3, 2: 4, 3: 3, 4: 2}",0
90,False,"{'a': 0.355, 'e': 0.40656965974059905}",25,15,13.999972325716374,"{0: 10, 1: 0, 2: 0, 3: 0, 4: 0}",1
91,False,"{'a': 0.355, 'e': 0.40252422403363597}",20,11,-10.983105549779252,"{0: 7, 1: 0, 2: 2, 3: 0, 4: 0}",1
92,False,"{'a': 0.355, 'e': 0.39851904108451414}",20,0,-1.9991831975306127,"{0: 17, 1: 0, 2: 3, 3: 0, 4: 0}",0
93,False,"{'a': 0.355, 'e': 0.3945537103716011}",30,0,15.126438172510918,"{0: 27, 1: 2, 2: 0, 3: 1, 4: 0}",0
94,False,"{'a': 0.355, 'e': 0.3906278353585211}",20,2,11.442831479782807,"{0: 16, 1: 1, 2: 1, 3: 0, 4: 0}",1
95,False,"{'a': 0.355, 'e': 0.3867410234545012}",25,1,-49.212239498482894,"{0: 19, 1: 2, 2: 1, 3: 1, 4: 1}",1
96,False,"{'a': 0.355, 'e': 0.382892885975112}",25,13,-36.03517304641119,"{0: 8, 1: 0, 2: 3, 3: 1, 4: 0}",1
97,False,"{'a': 0.355, 'e': 0.37908303810339883}",20,9,19.865319657213636,"{0: 11, 1: 0, 2: 0, 3: 0, 4: 0}",1
98,False,"{'a': 0.355, 'e': 0.37531109885139957}",30,7,-37.80505788422757,"{0: 17, 1: 0, 2: 5, 3: 1, 4: 0}",1
99,False,"{'a': 0.355, 'e': 0.3715766910220457}",35,26,17.524838953588688,"{0: 9, 1: 0, 2: 0, 3: 0, 4: 0}",1
100,False,"{'a': 0.355, 'e': 0.36787944117144233}",20,0,-26.691974453216922,"{0: 15, 1: 1, 2: 4, 3: 0, 4: 0}",0
101,False,"{'a': 0.355, 'e': 0.3642189795715233}",20,16,7.754087610743103,"{0: 4, 1: 0, 2: 0, 3: 0, 4: 0}",1
102,False,"{'a': 0.355, 'e': 0.3605949401730783}",25,16,-20.943552871620955,"{0: 8, 1: 0, 2: 0, 3: 0, 4: 1}",1
103,False,"{'a': 0.355, 'e': 0.3570069605691474}",25,2,-59.321185307510135,"{0: 17, 1: 0, 2: 5, 3: 0, 4: 1}",1
104,False,"{'a': 0.355, 'e': 0.3534546819587801}",20,5,22.27276430609452,"{0: 15, 1: 0, 2: 0, 3: 0, 4: 0}",1
105,False,"{'a': 0.355, 'e': 0.3499377491111553}",20,0,-7.212794737739813,"{0: 16, 1: 2, 2: 2, 3: 0, 4: 0}",0
106,False,"{'a': 0.355, 'e': 0.3464558103300574}",20,0,10.342414780633325,"{0: 18, 1: 1, 2: 1, 3: 0, 4: 0}",0
107,False,"{'a': 0.355, 'e': 0.34300851741870664}",25,11,16.24153089812369,"{0: 13, 1: 1, 2: 0, 3: 0, 4: 0}",1
108,False,"{'a': 0.355, 'e': 0.3395955256449391}",25,6,-12.540295173669277,"{0: 18, 1: 0, 2: 0, 3: 0, 4: 1}",1
109,False,"{'a': 0.355, 'e': 0.3362164937067333}",20,13,4.85937053144685,"{0: 6, 1: 1, 2: 0, 3: 0, 4: 0}",1
110,False,"{'a': 0.355, 'e': 0.3328710836980795}",20,6,11.813440297168196,"{0: 13, 1: 0, 2: 1, 3: 0, 4: 0}",1
111,False,"{'a': 0.355, 'e': 0.32955896107518906}",25,18,1.218310748412775,"{0: 6, 1: 0, 2: 1, 3: 0, 4: 0}",1
112,False,"{'a': 0.355, 'e': 0.32627979462303947}",20,11,17.30863802532174,"{0: 9, 1: 0, 2: 0, 3: 0, 4: 0}",1
113,False,"{'a': 0.355, 'e': 0.3230332564222529}",30,2,-19.454180876462022,"{0: 24, 1: 2, 2: 1, 3: 0, 4: 1}",1
114,False,"{'a': 0.355, 'e': 0.31981902181630384}",20,4,-1.376549463713892,"{0: 13, 1: 1, 2: 2, 3: 0, 4: 0}",1
115,False,"{'a': 0.355, 'e': 0.31663676937905316}",30,22,13.199421326683735,"{0: 8, 1: 0, 2: 0, 3: 0, 4: 0}",1
116,False,"{'a': 0.355, 'e': 0.3134861808826053}",25,0,-10.08885276872628,"{0: 20, 1: 1, 2: 4, 3: 0, 4: 0}",0
117,False,"{'a': 0.355, 'e': 0.31036694126548503}",20,0,24.335386374268957,"{0: 19, 1: 1, 2: 0, 3: 0, 4: 0}",0
118,False,"{'a': 0.355, 'e': 0.30727873860113125}",20,8,5.655238297930103,"{0: 11, 1: 0, 2: 1, 3: 0, 4: 0}",1
119,False,"{'a': 0.355, 'e': 0.3042212640667041}",20,9,17.842243578780703,"{0: 11, 1: 0, 2: 0, 3: 0, 4: 0}",1
120,False,"{'a': 0.355, 'e': 0.30119421191220214}",20,3,-23.632400876402443,"{0: 12, 1: 0, 2: 5, 3: 0, 4: 0}",1
121,False,"{'a': 0.355, 'e': 0.2981972794298874}",20,14,12.396969788916685,"{0: 6, 1: 0, 2: 0, 3: 0, 4: 0}",1
122,False,"{'a': 0.355, 'e': 0.2952301669240142}",20,10,-16.15232370007845,"{0: 8, 1: 0, 2: 1, 3: 1, 4: 0}",1
123,False,"{'a': 0.355, 'e': 0.2922925776808594}",25,3,-16.74765281500594,"{0: 20, 1: 0, 2: 1, 3: 0, 4: 1}",1
124,False,"{'a': 0.355, 'e': 0.28938421793905067}",25,9,-36.388518529108076,"{0: 14, 1: 0, 2: 0, 3: 1, 4: 1}",1
125,False,"{'a': 0.355, 'e': 0.2865047968601901}",20,5,-13.251073135522207,"{0: 14, 1: 0, 2: 0, 3: 0, 4: 1}",1
126,False,"{'a': 0.355, 'e': 0.28365402649977034}",25,17,-0.3449540352651832,"{0: 7, 1: 0, 2: 1, 3: 0, 4: 0}",1
127,False,"{'a': 0.355, 'e': 0.2808316217783798}",30,11,12.922218331763075,"{0: 18, 1: 0, 2: 0, 3: 1, 4: 0}",1
128,False,"{'a': 0.355, 'e': 0.27803730045319414}",20,9,-12.184792973571858,"{0: 8, 1: 1, 2: 2, 3: 0, 4: 0}",1
129,False,"{'a': 0.355, 'e': 0.27527078308975234}",20,12,-33.480896130997955,"{0: 6, 1: 0, 2: 1, 3: 0, 4: 1}",1
130,False,"{'a': 0.355, 'e': 0.2725317930340126}",25,20,10.316392900257512,"{0: 5, 1: 0, 2: 0, 3: 0, 4: 0}",1
131,False,"{'a': 0.355, 'e': 0.2698200563846868}",25,8,-3.021126301070784,"{0: 14, 1: 0, 2: 3, 3: 0, 4: 0}",1
132,False,"{'a': 0.355, 'e': 0.26713530196585034}",25,11,20.04912907575896,"{0: 13, 1: 1, 2: 0, 3: 0, 4: 0}",1
133,False,"{'a': 0.355, 'e': 0.26447726129982396}",20,8,-21.285111418333656,"{0: 11, 1: 0, 2: 0, 3: 0, 4: 1}",1
134,False,"{'a': 0.355, 'e': 0.261845668580326}",25,8,19.61182659751538,"{0: 16, 1: 1, 2: 0, 3: 0, 4: 0}",1
135,False,"{'a': 0.355, 'e': 0.2592402606458915}",20,2,-15.201548491196034,"{0: 16, 1: 1, 2: 0, 3: 0, 4: 1}",1
136,False,"{'a': 0.355, 'e': 0.2566607769535559}",30,21,14.665037117720706,"{0: 9, 1: 0, 2: 0, 3: 0, 4: 0}",1
137,False,"{'a': 0.355, 'e': 0.25410695955280027}",20,8,-1.2432997435814324,"{0: 10, 1: 0, 2: 2, 3: 0, 4: 0}",1
138,False,"{'a': 0.355, 'e': 0.25157855305975646}",20,6,-32.02139216786477,"{0: 12, 1: 0, 2: 1, 3: 0, 4: 1}",1
139,False,"{'a': 0.355, 'e': 0.2490753046316682}",30,11,37.205409648410495,"{0: 19, 1: 0, 2: 0, 3: 0, 4: 0}",1
140,False,"{'a': 0.355, 'e': 0.24659696394160643}",20,0,-45.20239791946158,"{0: 16, 1: 1, 2: 2, 3: 0, 4: 1}",0
141,False,"{'a': 0.355, 'e': 0.2441432831534371}",20,0,-102.28561358679322,"{0: 14, 1: 1, 2: 2, 3: 1, 4: 2}",0
142,False,"{'a': 0.355, 'e': 0.24171401689703648}",25,11,0.8570036841107409,"{0: 13, 1: 0, 2: 0, 3: 1, 4: 0}",1
143,False,"{'a': 0.355, 'e': 0.23930892224375452}",20,8,-26.206954515207208,"{0: 10, 1: 1, 2: 0, 3: 0, 4: 1}",1
144,False,"{'a': 0.355, 'e': 0.2369277586821218}",20,0,-33.231358448897524,"{0: 17, 1: 1, 2: 1, 3: 0, 4: 1}",0
145,False,"{'a': 0.355, 'e': 0.23457028809379768}",25,5,23.838029380980892,"{0: 19, 1: 0, 2: 1, 3: 0, 4: 0}",1
146,False,"{'a': 0.355, 'e': 0.2322362747297588}",20,6,10.925205656441875,"{0: 12, 1: 2, 2: 0, 3: 0, 4: 0}",1
147,False,"{'a': 0.355, 'e': 0.22992548518672382}",20,10,17.100871722463754,"{0: 10, 1: 0, 2: 0, 3: 0, 4: 0}",1
148,False,"{'a': 0.355, 'e': 0.2276376883838127}",25,13,18.733057611105295,"{0: 12, 1: 0, 2: 0, 3: 0, 4: 0}",1
149,False,"{'a': 0.355, 'e': 0.22537265553943875}",20,5,-0.9475144414448655,"{0: 13, 1: 0, 2: 2, 3: 0, 4: 0}",1
150,False,"{'a': 0.355, 'e': 0.22313016014842985}",20,9,6.086392520217272,"{0: 10, 1: 0, 2: 1, 3: 0, 4: 0}",1
151,False,"{'a': 0.355, 'e': 0.2209099779593782}",25,19,12.415724398507049,"{0: 6, 1: 0, 2: 0, 3: 0, 4: 0}",1
152,False,"{'a': 0.355, 'e': 0.21871188695221477}",30,5,11.346277383032817,"{0: 22, 1: 2, 2: 1, 3: 0, 4: 0}",1
153,False,"{'a': 0.355, 'e': 0.21653566731600704}",30,16,-74.51848868288499,"{0: 11, 1: 0, 2: 1, 3: 0, 4: 2}",1
154,False,"{'a': 0.355, 'e': 0.21438110142697797}",25,19,-2.0271869042660433,"{0: 5, 1: 0, 2: 1, 3: 0, 4: 0}",1
155,False,"{'a': 0.355, 'e': 0.21224797382674304}",20,7,12.438612152990212,"{0: 12, 1: 1, 2: 0, 3: 0, 4: 0}",1
156,False,"{'a': 0.355, 'e': 0.21013607120076472}",25,9,22.7977773365851,"{0: 15, 1: 1, 2: 0, 3: 0, 4: 0}",1
157,False,"{'a': 0.355, 'e': 0.20804518235702046}",20,7,1.4222176064564926,"{0: 11, 1: 1, 2: 1, 3: 0, 4: 0}",1
158,False,"{'a': 0.355, 'e': 0.20597509820488344}",30,17,11.624967930012584,"{0: 12, 1: 0, 2: 1, 3: 0, 4: 0}",1
159,False,"{'a': 0.355, 'e': 0.20392561173421342}",20,8,15.80739042619628,"{0: 12, 1: 0, 2: 0, 3: 0, 4: 0}",1
160,False,"{'a': 0.355, 'e': 0.2018965179946554}",25,16,15.48609724743421,"{0: 9, 1: 0, 2: 0, 3: 0, 4: 0}",1
161,False,"{'a': 0.355, 'e': 0.1998876140751445}",25,5,22.941341706902254,"{0: 18, 1: 2, 2: 0, 3: 0, 4: 0}",1
162,False,"{'a': 0.355, 'e': 0.19789869908361465}",25,0,14.268069854111676,"{0: 23, 1: 0, 2: 2, 3: 0, 4: 0}",0
163,False,"{'a': 0.355, 'e': 0.19592957412690934}",30,16,9.536353591724378,"{0: 12, 1: 1, 2: 1, 3: 0, 4: 0}",1
164,False,"{'a': 0.355, 'e': 0.19398004229089186}",20,5,10.738143685106277,"{0: 14, 1: 0, 2: 1, 3: 0, 4: 0}",1
165,False,"{'a': 0.355, 'e': 0.19204990862075408}",20,14,-28.338124390705975,"{0: 5, 1: 0, 2: 0, 3: 0, 4: 1}",1
166,False,"{'a': 0.355, 'e': 0.1901389801015205}",25,8,25.24997970305894,"{0: 17, 1: 0, 2: 0, 3: 0, 4: 0}",1
167,False,"{'a': 0.355, 'e': 0.18824706563874677}",20,0,25.519858347788627,"{0: 20, 1: 0, 2: 0, 3: 0, 4: 0}",1
168,False,"{'a': 0.355, 'e': 0.18637397603940997}",25,18,6.055069464098366,"{0: 6, 1: 1, 2: 0, 3: 0, 4: 0}",1
169,False,"{'a': 0.355, 'e': 0.18451952399298926}",20,5,13.969950504032926,"{0: 14, 1: 0, 2: 1, 3: 0, 4: 0}",1
170,False,"{'a': 0.355, 'e': 0.18268352405273464}",25,7,-16.29188075798114,"{0: 17, 1: 0, 2: 0, 3: 0, 4: 1}",1
171,False,"{'a': 0.355, 'e': 0.18086579261712207}",20,10,5.5648883638258795,"{0: 9, 1: 0, 2: 1, 3: 0, 4: 0}",1
172,False,"{'a': 0.355, 'e': 0.17906614791149322}",20,14,13.331325843809982,"{0: 6, 1: 0, 2: 0, 3: 0, 4: 0}",1
173,False,"{'a': 0.355, 'e': 0.17728440996987782}",25,10,20.336477192072355,"{0: 14, 1: 1, 2: 0, 3: 0, 4: 0}",1
174,False,"{'a': 0.355, 'e': 0.1755204006169969}",25,4,40.68247327313174,"{0: 21, 1: 0, 2: 0, 3: 0, 4: 0}",1
175,False,"{'a': 0.355, 'e': 0.1737739434504451}",20,0,33.56787871332848,"{0: 20, 1: 0, 2: 0, 3: 0, 4: 0}",1
176,False,"{'a': 0.355, 'e': 0.1720448638230505}",30,16,-14.571841760603714,"{0: 13, 1: 0, 2: 0, 3: 0, 4: 1}",1
177,False,"{'a': 0.355, 'e': 0.17033298882540943}",30,8,-31.83003780376245,"{0: 19, 1: 0, 2: 2, 3: 0, 4: 1}",1
178,False,"{'a': 0.355, 'e': 0.16863814726859552}",25,16,-6.43546244451124,"{0: 8, 1: 0, 2: 0, 3: 1, 4: 0}",1
179,False,"{'a': 0.355, 'e': 0.1669601696670407}",20,16,9.710248480122024,"{0: 4, 1: 0, 2: 0, 3: 0, 4: 0}",1
180,False,"{'a': 0.355, 'e': 0.16529888822158653}",25,10,28.382144435963102,"{0: 15, 1: 0, 2: 0, 3: 0, 4: 0}",1
181,False,"{'a': 0.355, 'e': 0.16365413680270405}",20,12,14.279609960051534,"{0: 8, 1: 0, 2: 0, 3: 0, 4: 0}",1
182,False,"{'a': 0.355, 'e': 0.16202575093388075}",30,13,18.880028131522355,"{0: 16, 1: 0, 2: 1, 3: 0, 4: 0}",1
183,False,"{'a': 0.355, 'e': 0.16041356777517277}",30,18,-28.125095084875703,"{0: 9, 1: 1, 2: 0, 3: 2, 4: 0}",1
184,False,"{'a': 0.355, 'e': 0.15881742610692068}",25,17,15.306118165664106,"{0: 8, 1: 0, 2: 0, 3: 0, 4: 0}",1
185,False,"{'a': 0.355, 'e': 0.1572371663136276}",20,0,0.6245252853990242,"{0: 18, 1: 1, 2: 0, 3: 1, 4: 0}",0
186,False,"{'a': 0.355, 'e': 0.1556726303679973}",25,7,33.32947164642916,"{0: 18, 1: 0, 2: 0, 3: 0, 4: 0}",1
187,False,"{'a': 0.355, 'e': 0.1541236618151314}",25,7,-5.52138104838944,"{0: 17, 1: 0, 2: 0, 3: 0, 4: 1}",1
188,False,"{'a': 0.355, 'e': 0.15259010575688386}",20,10,8.513799900802658,"{0: 9, 1: 0, 2: 1, 3: 0, 4: 0}",1
189,False,"{'a': 0.355, 'e': 0.1510718088363708}",25,14,18.71906471466391,"{0: 11, 1: 0, 2: 0, 3: 0, 4: 0}",1
190,False,"{'a': 0.355, 'e': 0.14956861922263504}",25,3,30.634788311440982,"{0: 21, 1: 1, 2: 0, 3: 0, 4: 0}",1
191,False,"{'a': 0.355, 'e': 0.14808038659546244}",30,21,-3.2070223672302323,"{0: 8, 1: 0, 2: 0, 3: 1, 4: 0}",1
192,False,"{'a': 0.355, 'e': 0.14660696213035015}",25,10,17.191720642777412,"{0: 14, 1: 1, 2: 0, 3: 0, 4: 0}",1
193,False,"{'a': 0.355, 'e': 0.14514819848362376}",35,0,-27.024788122315982,"{0: 30, 1: 2, 2: 1, 3: 1, 4: 1}",0
194,False,"{'a': 0.355, 'e': 0.14370394977770293}",25,17,15.614689065329335,"{0: 8, 1: 0, 2: 0, 3: 0, 4: 0}",1
195,False,"{'a': 0.355, 'e': 0.1422740715865136}",20,11,6.76009046146452,"{0: 8, 1: 0, 2: 1, 3: 0, 4: 0}",1
196,False,"{'a': 0.355, 'e': 0.140858420921045}",30,18,22.23811030791413,"{0: 12, 1: 0, 2: 0, 3: 0, 4: 0}",1
197,False,"{'a': 0.355, 'e': 0.13945685621505094}",20,7,0.2724451344763832,"{0: 11, 1: 0, 2: 2, 3: 0, 4: 0}",1
198,False,"{'a': 0.355, 'e': 0.13806923731089282}",30,23,14.170320763373159,"{0: 7, 1: 0, 2: 0, 3: 0, 4: 0}",1
199,False,"{'a': 0.355, 'e': 0.13669542544552385}",25,0,19.968593613357363,"{0: 22, 1: 2, 2: 1, 3: 0, 4: 0}",0
200,False,"{'a': 0.355, 'e': 0.1353352832366127}",30,8,11.503832256118852,"{0: 19, 1: 1, 2: 2, 3: 0, 4: 0}",1
201,False,"{'a': 0.355, 'e': 0.13398867466880493}",30,16,-14.376678245592398,"{0: 13, 1: 0, 2: 0, 3: 0, 4: 1}",1
202,False,"{'a': 0.355, 'e': 0.13265546508012172}",20,10,-25.30737395523731,"{0: 9, 1: 0, 2: 0, 3: 0, 4: 1}",1
203,False,"{'a': 0.355, 'e': 0.13133552114849303}",30,21,-4.015751668744528,"{0: 8, 1: 0, 2: 0, 3: 1, 4: 0}",1
204,False,"{'a': 0.355, 'e': 0.1300287108784259}",20,10,21.650942576881597,"{0: 10, 1: 0, 2: 0, 3: 0, 4: 0}",1
205,False,"{'a': 0.355, 'e': 0.12873490358780423}",25,8,7.950704714072264,"{0: 15, 1: 1, 2: 1, 3: 0, 4: 0}",1
206,False,"{'a': 0.355, 'e': 0.12745396989482075}",20,15,6.573637076854991,"{0: 5, 1: 0, 2: 0, 3: 0, 4: 0}",1
207,False,"{'a': 0.355, 'e': 0.12618578170503877}",25,11,24.33657974896553,"{0: 14, 1: 0, 2: 0, 3: 0, 4: 0}",1
208,False,"{'a': 0.355, 'e': 0.12493021219858241}",25,10,-15.715028066476492,"{0: 14, 1: 0, 2: 0, 3: 0, 4: 1}",1
209,False,"{'a': 0.355, 'e': 0.12368713581745483}",20,8,20.832283969416753,"{0: 12, 1: 0, 2: 0, 3: 0, 4: 0}",1
210,False,"{'a': 0.355, 'e': 0.12245642825298189}",35,24,-1.7025806067967557,"{0: 10, 1: 0, 2: 0, 3: 1, 4: 0}",1
211,False,"{'a': 0.355, 'e': 0.12123796643338168}",20,13,16.264617072348617,"{0: 7, 1: 0, 2: 0, 3: 0, 4: 0}",1
212,False,"{'a': 0.355, 'e': 0.12003162851145673}",20,12,3.264613984972515,"{0: 7, 1: 0, 2: 1, 3: 0, 4: 0}",1
213,False,"{'a': 0.355, 'e': 0.11883729385240964}",30,15,7.71681027256186,"{0: 13, 1: 1, 2: 1, 3: 0, 4: 0}",1
214,False,"{'a': 0.355, 'e': 0.11765484302177918}",20,0,-36.1320152957951,"{0: 17, 1: 0, 2: 2, 3: 0, 4: 1}",1
215,False,"{'a': 0.355, 'e': 0.11648415777349697}",30,20,-25.176248742973964,"{0: 9, 1: 0, 2: 0, 3: 0, 4: 1}",1
216,False,"{'a': 0.355, 'e': 0.11532512103806251}",25,11,-14.367544146392463,"{0: 13, 1: 0, 2: 0, 3: 0, 4: 1}",1
217,False,"{'a': 0.355, 'e': 0.11417761691083649}",20,9,13.40911378017624,"{0: 10, 1: 1, 2: 0, 3: 0, 4: 0}",1
218,False,"{'a': 0.355, 'e': 0.11304153064044985}",25,4,-5.068069375119463,"{0: 20, 1: 0, 2: 0, 3: 0, 4: 1}",1
219,False,"{'a': 0.355, 'e': 0.11191674861732889}",20,11,18.235251975807305,"{0: 9, 1: 0, 2: 0, 3: 0, 4: 0}",1
220,False,"{'a': 0.355, 'e': 0.11080315836233387}",25,19,1.2258346573922894,"{0: 5, 1: 0, 2: 1, 3: 0, 4: 0}",1
221,False,"{'a': 0.355, 'e': 0.10970064851551141}",25,13,24.022613517669154,"{0: 12, 1: 0, 2: 0, 3: 0, 4: 0}",1
222,False,"{'a': 0.355, 'e': 0.10860910882495797}",20,10,7.244833928356769,"{0: 9, 1: 0, 2: 1, 3: 0, 4: 0}",1
223,False,"{'a': 0.355, 'e': 0.10752843013579495}",20,10,8.63878631222662,"{0: 9, 1: 0, 2: 1, 3: 0, 4: 0}",1
224,False,"{'a': 0.355, 'e': 0.1064585043792528}",20,0,-51.83710648371498,"{0: 18, 1: 0, 2: 0, 3: 0, 4: 2}",0
225,False,"{'a': 0.355, 'e': 0.10539922456186433}",35,19,18.66452707950374,"{0: 15, 1: 0, 2: 1, 3: 0, 4: 0}",1
226,False,"{'a': 0.355, 'e': 0.104350484754765}",30,17,2.844672972256987,"{0: 11, 1: 1, 2: 1, 3: 0, 4: 0}",1
227,False,"{'a': 0.355, 'e': 0.1033121800831002}",20,12,-10.593093076409001,"{0: 6, 1: 0, 2: 2, 3: 0, 4: 0}",1
228,False,"{'a': 0.355, 'e': 0.10228420671553744}",25,11,26.884619560727312,"{0: 14, 1: 0, 2: 0, 3: 0, 4: 0}",1
229,False,"{'a': 0.355, 'e': 0.10126646185388341}",30,13,22.21600811909268,"{0: 16, 1: 0, 2: 1, 3: 0, 4: 0}",1
230,False,"{'a': 0.355, 'e': 0.1002588437228037}",25,15,11.318616877433774,"{0: 10, 1: 0, 2: 0, 3: 0, 4: 0}",1
231,False,"{'a': 0.355, 'e': 0.09926125155964564}",25,20,10.121459824465099,"{0: 5, 1: 0, 2: 0, 3: 0, 4: 0}",1
232,False,"{'a': 0.355, 'e': 0.09827358560436156}",25,15,13.088573706156463,"{0: 9, 1: 1, 2: 0, 3: 0, 4: 0}",1
233,False,"{'a': 0.355, 'e': 0.09729574708953277}",20,11,18.023918895638204,"{0: 9, 1: 0, 2: 0, 3: 0, 4: 0}",1
234,False,"{'a': 0.355, 'e': 0.09632763823049303}",20,9,21.50922608880341,"{0: 11, 1: 0, 2: 0, 3: 0, 4: 0}",1
235,False,"{'a': 0.355, 'e': 0.09536916221554961}",35,13,36.729782126811884,"{0: 22, 1: 0, 2: 0, 3: 0, 4: 0}",1
236,False,"{'a': 0.355, 'e': 0.09442022319630235}",20,12,17.036263054635324,"{0: 8, 1: 0, 2: 0, 3: 0, 4: 0}",1
237,False,"{'a': 0.355, 'e': 0.09348072627805847}",20,14,11.056173720307601,"{0: 6, 1: 0, 2: 0, 3: 0, 4: 0}",1
238,False,"{'a': 0.355, 'e': 0.09255057751034329}",25,0,36.85876467245026,"{0: 25, 1: 0, 2: 0, 3: 0, 4: 0}",0
239,False,"{'a': 0.355, 'e': 0.09162968387750484}",30,16,23.725236889251363,"{0: 14, 1: 0, 2: 0, 3: 0, 4: 0}",1
240,False,"{'a': 0.355, 'e': 0.09071795328941251}",20,6,21.177433301630252,"{0: 14, 1: 0, 2: 0, 3: 0, 4: 0}",1
241,False,"{'a': 0.355, 'e': 0.08981529457224763}",25,11,25.000701866465395,"{0: 14, 1: 0, 2: 0, 3: 0, 4: 0}",1
242,False,"{'a': 0.355, 'e': 0.08892161745938634}",25,17,14.980457440565552,"{0: 8, 1: 0, 2: 0, 3: 0, 4: 0}",1
243,False,"{'a': 0.355, 'e': 0.08803683258237255}",25,17,13.311996942341564,"{0: 8, 1: 0, 2: 0, 3: 0, 4: 0}",1
244,False,"{'a': 0.355, 'e': 0.0871608514619813}",20,5,23.74518152461122,"{0: 15, 1: 0, 2: 0, 3: 0, 4: 0}",1
245,False,"{'a': 0.355, 'e': 0.0862935864993705}",30,19,20.1891046534912,"{0: 11, 1: 0, 2: 0, 3: 0, 4: 0}",1
246,False,"{'a': 0.355, 'e': 0.08543495096732123}",30,23,14.21318627815937,"{0: 7, 1: 0, 2: 0, 3: 0, 4: 0}",1
247,False,"{'a': 0.355, 'e': 0.08458485900156469}",25,16,15.31159619681841,"{0: 9, 1: 0, 2: 0, 3: 0, 4: 0}",1
248,False,"{'a': 0.355, 'e': 0.08374322559219596}",25,0,22.84666150670377,"{0: 23, 1: 1, 2: 1, 3: 0, 4: 0}",0
249,False,"{'a': 0.355, 'e': 0.08290996657517266}",20,15,7.626336653818731,"{0: 5, 1: 0, 2: 0, 3: 0, 4: 0}",1
250,False,"{'a': 0.355, 'e': 0.0820849986238988}",20,12,18.414487385467268,"{0: 8, 1: 0, 2: 0, 3: 0, 4: 0}",1
251,False,"{'a': 0.355, 'e': 0.08126823924089167}",20,0,30.591189735789822,"{0: 20, 1: 0, 2: 0, 3: 0, 4: 0}",0
252,False,"{'a': 0.355, 'e': 0.08045960674953243}",30,3,46.87820357138556,"{0: 27, 1: 0, 2: 0, 3: 0, 4: 0}",1
253,False,"{'a': 0.355, 'e': 0.07965902028589801}",20,9,-18.08567522866469,"{0: 10, 1: 0, 2: 0, 3: 0, 4: 1}",1
254,False,"{'a': 0.355, 'e': 0.07886639979067495}",25,15,6.1054417167122175,"{0: 9, 1: 0, 2: 1, 3: 0, 4: 0}",1
255,False,"{'a': 0.355, 'e': 0.07808166600115313}",20,13,12.83994724453358,"{0: 7, 1: 0, 2: 0, 3: 0, 4: 0}",1
256,False,"{'a': 0.355, 'e': 0.07730474044329974}",20,6,22.648200722911085,"{0: 14, 1: 0, 2: 0, 3: 0, 4: 0}",1
257,False,"{'a': 0.355, 'e': 0.07653554542391151}",30,15,29.407876719786962,"{0: 15, 1: 0, 2: 0, 3: 0, 4: 0}",1
258,False,"{'a': 0.355, 'e': 0.07577400402284548}",30,18,19.813473853501232,"{0: 12, 1: 0, 2: 0, 3: 0, 4: 0}",1
259,False,"{'a': 0.355, 'e': 0.07502004008532698}",25,13,24.207316606607385,"{0: 12, 1: 0, 2: 0, 3: 0, 4: 0}",1
260,False,"{'a': 0.355, 'e': 0.07427357821433388}",25,20,8.798359425096363,"{0: 5, 1: 0, 2: 0, 3: 0, 4: 0}",1
261,False,"{'a': 0.355, 'e': 0.0735345437630571}",30,14,18.13530112647496,"{0: 15, 1: 0, 2: 1, 3: 0, 4: 0}",1
262,False,"{'a': 0.355, 'e': 0.07280286282743559}",30,20,5.398173548477484,"{0: 9, 1: 0, 2: 1, 3: 0, 4: 0}",1
263,False,"{'a': 0.355, 'e': 0.0720784622387661}",35,22,23.937804006213867,"{0: 13, 1: 0, 2: 0, 3: 0, 4: 0}",1
264,False,"{'a': 0.355, 'e': 0.07136126955638605}",20,16,6.712380452188617,"{0: 4, 1: 0, 2: 0, 3: 0, 4: 0}",1
265,False,"{'a': 0.355, 'e': 0.0706512130604296}",25,18,9.878272937907074,"{0: 7, 1: 0, 2: 0, 3: 0, 4: 0}",1
266,False,"{'a': 0.355, 'e': 0.06994822174465536}",35,17,22.14579380703194,"{0: 17, 1: 1, 2: 0, 3: 0, 4: 0}",1
267,False,"{'a': 0.355, 'e': 0.06925222530934598}",30,18,9.715648923045217,"{0: 11, 1: 0, 2: 1, 3: 0, 4: 0}",1
268,False,"{'a': 0.355, 'e': 0.06856315415427791}",20,16,8.375403896210631,"{0: 4, 1: 0, 2: 0, 3: 0, 4: 0}",1
269,False,"{'a': 0.355, 'e': 0.06788093937176144}",30,7,40.30064991964551,"{0: 23, 1: 0, 2: 0, 3: 0, 4: 0}",1
270,False,"{'a': 0.355, 'e': 0.06720551273974976}",25,14,20.690281705933213,"{0: 11, 1: 0, 2: 0, 3: 0, 4: 0}",1
271,False,"{'a': 0.355, 'e': 0.06653680671501686}",30,13,19.013399705790498,"{0: 16, 1: 0, 2: 1, 3: 0, 4: 0}",1
272,False,"{'a': 0.355, 'e': 0.06587475442640295}",25,20,8.905944496527177,"{0: 5, 1: 0, 2: 0, 3: 0, 4: 0}",1
273,False,"{'a': 0.355, 'e': 0.06521928966812753}",20,10,17.885691885658808,"{0: 10, 1: 0, 2: 0, 3: 0, 4: 0}",1
274,False,"{'a': 0.355, 'e': 0.06457034689316847}",25,10,25.430786855821072,"{0: 15, 1: 0, 2: 0, 3: 0, 4: 0}",1
275,False,"{'a': 0.355, 'e': 0.06392786120670757}",20,13,11.50214826170494,"{0: 7, 1: 0, 2: 0, 3: 0, 4: 0}",1
276,False,"{'a': 0.355, 'e': 0.0632917683596407}",20,0,28.305735041563466,"{0: 20, 1: 0, 2: 0, 3: 0, 4: 0}",0
277,False,"{'a': 0.355, 'e': 0.06266200474215315}",25,19,11.130417127673894,"{0: 6, 1: 0, 2: 0, 3: 0, 4: 0}",1
278,False,"{'a': 0.355, 'e': 0.06203850737735829}",25,7,22.628093392237467,"{0: 17, 1: 0, 2: 1, 3: 0, 4: 0}",1
279,False,"{'a': 0.355, 'e': 0.06142121391500013}",20,14,12.225004889006799,"{0: 6, 1: 0, 2: 0, 3: 0, 4: 0}",1
280,False,"{'a': 0.355, 'e': 0.060810062625217945}",25,11,22.68815391491932,"{0: 14, 1: 0, 2: 0, 3: 0, 4: 0}",1
281,False,"{'a': 0.355, 'e': 0.06020499239237355}",25,16,16.988638855364727,"{0: 9, 1: 0, 2: 0, 3: 0, 4: 0}",1
282,False,"{'a': 0.355, 'e': 0.05960594270893936}",25,15,20.547261778993168,"{0: 10, 1: 0, 2: 0, 3: 0, 4: 0}",1
283,False,"{'a': 0.355, 'e': 0.059012853669447835}",20,3,-11.573254837438242,"{0: 16, 1: 0, 2: 0, 3: 0, 4: 1}",1
284,False,"{'a': 0.355, 'e': 0.05842566596450083}",25,8,27.98778720111028,"{0: 16, 1: 1, 2: 0, 3: 0, 4: 0}",1
285,False,"{'a': 0.355, 'e': 0.05784432087483846}",20,3,29.846657492000944,"{0: 17, 1: 0, 2: 0, 3: 0, 4: 0}",1
286,False,"{'a': 0.355, 'e': 0.05726876026546735}",25,15,18.93405389095828,"{0: 10, 1: 0, 2: 0, 3: 0, 4: 0}",1
287,False,"{'a': 0.355, 'e': 0.05669892657984691}",25,13,20.381863730176054,"{0: 12, 1: 0, 2: 0, 3: 0, 4: 0}",1
288,False,"{'a': 0.355, 'e': 0.056134762834133725}",20,16,7.26834774798825,"{0: 4, 1: 0, 2: 0, 3: 0, 4: 0}",1
289,False,"{'a': 0.355, 'e': 0.05557621261148306}",30,18,19.146260219237437,"{0: 11, 1: 1, 2: 0, 3: 0, 4: 0}",1
290,False,"{'a': 0.355, 'e': 0.05502322005640723}",20,8,21.283251060752267,"{0: 12, 1: 0, 2: 0, 3: 0, 4: 0}",1
291,False,"{'a': 0.355, 'e': 0.05447572986918986}",25,14,21.26032541698912,"{0: 11, 1: 0, 2: 0, 3: 0, 4: 0}",1
292,False,"{'a': 0.355, 'e': 0.05393368730035602}",20,6,15.043716332015883,"{0: 13, 1: 1, 2: 0, 3: 0, 4: 0}",1
293,False,"{'a': 0.355, 'e': 0.05339703814519708}",20,10,14.013689387019594,"{0: 10, 1: 0, 2: 0, 3: 0, 4: 0}",1
294,False,"{'a': 0.355, 'e': 0.05286572873835037}",25,14,19.20049200459633,"{0: 11, 1: 0, 2: 0, 3: 0, 4: 0}",1
295,False,"{'a': 0.355, 'e': 0.05233970594843238}",20,9,19.095605178792812,"{0: 11, 1: 0, 2: 0, 3: 0, 4: 0}",1
296,False,"{'a': 0.355, 'e': 0.05181891717272583}",25,13,21.244425401665342,"{0: 12, 1: 0, 2: 0, 3: 0, 4: 0}",1
297,False,"{'a': 0.355, 'e': 0.051303310331919115}",20,6,24.676631206272223,"{0: 14, 1: 0, 2: 0, 3: 0, 4: 0}",1
298,False,"{'a': 0.355, 'e': 0.0507928338648985}",25,11,14.791305275236885,"{0: 13, 1: 0, 2: 1, 3: 0, 4: 0}",1
299,False,"{'a': 0.355, 'e': 0.050287436723591865}",30,16,28.830552283082355,"{0: 14, 1: 0, 2: 0, 3: 0, 4: 0}",1
300,False,"{'a': 0.355, 'e': 0.049787068367863944}",30,13,35.43465776180807,"{0: 17, 1: 0, 2: 0, 3: 0, 4: 0}",1
301,False,"{'a': 0.355, 'e': 0.04929167876046214}",30,17,4.739897041730749,"{0: 11, 1: 1, 2: 1, 3: 0, 4: 0}",1
302,False,"{'a': 0.355, 'e': 0.04880121836201296}",20,13,12.56500547259142,"{0: 7, 1: 0, 2: 0, 3: 0, 4: 0}",1
303,False,"{'a': 0.355, 'e': 0.04831563812606777}",25,11,24.140186394720217,"{0: 14, 1: 0, 2: 0, 3: 0, 4: 0}",1
304,False,"{'a': 0.355, 'e': 0.04783488949419836}",20,12,13.936189073235452,"{0: 8, 1: 0, 2: 0, 3: 0, 4: 0}",1
305,False,"{'a': 0.355, 'e': 0.047358924391140915}",30,14,33.43867746449006,"{0: 16, 1: 0, 2: 0, 3: 0, 4: 0}",1
306,False,"{'a': 0.355, 'e': 0.046887695219988486}",25,8,34.46802707992471,"{0: 17, 1: 0, 2: 0, 3: 0, 4: 0}",1
307,False,"{'a': 0.355, 'e': 0.04642115485743125}",20,12,15.400242099753594,"{0: 8, 1: 0, 2: 0, 3: 0, 4: 0}",1
308,False,"{'a': 0.355, 'e': 0.045959256649044204}",20,14,12.596436850686509,"{0: 6, 1: 0, 2: 0, 3: 0, 4: 0}",1
309,False,"{'a': 0.355, 'e': 0.04550195440462157}",20,15,7.182889242327202,"{0: 5, 1: 0, 2: 0, 3: 0, 4: 0}",1
310,False,"{'a': 0.355, 'e': 0.0450492023935578}",25,15,21.18619646360155,"{0: 10, 1: 0, 2: 0, 3: 0, 4: 0}",1
311,False,"{'a': 0.355, 'e': 0.044600955340274535}",25,14,18.35718933201991,"{0: 11, 1: 0, 2: 0, 3: 0, 4: 0}",1
312,False,"{'a': 0.355, 'e': 0.04415716841969287}",30,11,31.596997568944992,"{0: 19, 1: 0, 2: 0, 3: 0, 4: 0}",1
313,False,"{'a': 0.355, 'e': 0.04371779725275094}",20,16,9.222708530040451,"{0: 4, 1: 0, 2: 0, 3: 0, 4: 0}",1
314,False,"{'a': 0.355, 'e': 0.043282797901965896}",20,8,20.870229600960204,"{0: 12, 1: 0, 2: 0, 3: 0, 4: 0}",1
315,False,"{'a': 0.355, 'e': 0.04285212686704019}",20,12,13.254677643461541,"{0: 8, 1: 0, 2: 0, 3: 0, 4: 0}",1
316,False,"{'a': 0.355, 'e': 0.042425741080511385}",25,14,20.074771978939722,"{0: 11, 1: 0, 2: 0, 3: 0, 4: 0}",1
317,False,"{'a': 0.355, 'e': 0.04200359790344555}",20,11,18.136304737908645,"{0: 9, 1: 0, 2: 0, 3: 0, 4: 0}",1
318,False,"{'a': 0.355, 'e': 0.04158565512117317}",30,0,38.61880397337681,"{0: 29, 1: 0, 2: 1, 3: 0, 4: 0}",0
319,False,"{'a': 0.355, 'e': 0.04117187093906774}",20,14,11.138254621606915,"{0: 6, 1: 0, 2: 0, 3: 0, 4: 0}",1
320,False,"{'a': 0.355, 'e': 0.04076220397836621}",20,14,12.06664818924243,"{0: 6, 1: 0, 2: 0, 3: 0, 4: 0}",1
321,False,"{'a': 0.355, 'e': 0.040356613272031154}",25,9,33.7313878774285,"{0: 16, 1: 0, 2: 0, 3: 0, 4: 0}",1
322,False,"{'a': 0.355, 'e': 0.039955058260653896}",20,10,16.534456185423448,"{0: 10, 1: 0, 2: 0, 3: 0, 4: 0}",1
323,False,"{'a': 0.355, 'e': 0.039557498788398725}",20,10,19.706030778793757,"{0: 10, 1: 0, 2: 0, 3: 0, 4: 0}",1
324,False,"{'a': 0.355, 'e': 0.039163895098987066}",25,15,-2.3469175261587187,"{0: 9, 1: 0, 2: 0, 3: 1, 4: 0}",1
325,False,"{'a': 0.355, 'e': 0.03877420783172201}",20,15,5.104759624499784,"{0: 4, 1: 1, 2: 0, 3: 0, 4: 0}",1
326,False,"{'a': 0.355, 'e': 0.03838839801755206}",20,4,12.252579986209977,"{0: 15, 1: 0, 2: 1, 3: 0, 4: 0}",1
327,False,"{'a': 0.355, 'e': 0.038006427075174314}",20,12,15.138470882975513,"{0: 8, 1: 0, 2: 0, 3: 0, 4: 0}",1
328,False,"{'a': 0.355, 'e': 0.0376282568071762}",25,10,15.945718672468475,"{0: 14, 1: 0, 2: 1, 3: 0, 4: 0}",1
329,False,"{'a': 0.355, 'e': 0.03725384939621581}",30,16,30.15454123472107,"{0: 14, 1: 0, 2: 0, 3: 0, 4: 0}",1
330,False,"{'a': 0.355, 'e': 0.036883167401239994}",20,13,14.811810691270727,"{0: 7, 1: 0, 2: 0, 3: 0, 4: 0}",1
331,False,"{'a': 0.355, 'e': 0.0365161737537404}",25,13,23.17310285923628,"{0: 12, 1: 0, 2: 0, 3: 0, 4: 0}",1
332,False,"{'a': 0.355, 'e': 0.03615283175404641}",20,6,21.618697423002644,"{0: 14, 1: 0, 2: 0, 3: 0, 4: 0}",1
333,False,"{'a': 0.355, 'e': 0.0357931050676553}",20,9,23.394691115085134,"{0: 11, 1: 0, 2: 0, 3: 0, 4: 0}",1
334,False,"{'a': 0.355, 'e': 0.03543695772159864}",25,11,21.640166503108034,"{0: 14, 1: 0, 2: 0, 3: 0, 4: 0}",1
335,False,"{'a': 0.355, 'e': 0.03508435410084502}",25,7,35.088212705195915,"{0: 18, 1: 0, 2: 0, 3: 0, 4: 0}",1
336,False,"{'a': 0.355, 'e': 0.03473525894473856}",30,19,20.26253864161913,"{0: 11, 1: 0, 2: 0, 3: 0, 4: 0}",1
337,False,"{'a': 0.355, 'e': 0.03438963734347271}",30,15,25.95781677403278,"{0: 15, 1: 0, 2: 0, 3: 0, 4: 0}",1
338,False,"{'a': 0.355, 'e': 0.034047454734599344}",20,2,31.96747503904296,"{0: 18, 1: 0, 2: 0, 3: 0, 4: 0}",1
339,False,"{'a': 0.355, 'e': 0.0337086768995724}",20,12,2.6527162267252815,"{0: 7, 1: 0, 2: 1, 3: 0, 4: 0}",1
340,False,"{'a': 0.355, 'e': 0.03337326996032608}",20,8,22.178527172381543,"{0: 12, 1: 0, 2: 0, 3: 0, 4: 0}",1
341,False,"{'a': 0.355, 'e': 0.03304120037588693}",20,13,-29.55763500067703,"{0: 6, 1: 0, 2: 0, 3: 0, 4: 1}",1
342,False,"{'a': 0.355, 'e': 0.03271243493901982}",25,7,30.680800487487172,"{0: 18, 1: 0, 2: 0, 3: 0, 4: 0}",1
343,False,"{'a': 0.355, 'e': 0.03238694077290704}",25,13,23.33905114106168,"{0: 12, 1: 0, 2: 0, 3: 0, 4: 0}",1
344,False,"{'a': 0.355, 'e': 0.032064685327860776}",20,9,19.662048346403267,"{0: 11, 1: 0, 2: 0, 3: 0, 4: 0}",1
345,False,"{'a': 0.355, 'e': 0.03174563637806794}",20,10,17.361596741395637,"{0: 10, 1: 0, 2: 0, 3: 0, 4: 0}",1
346,False,"{'a': 0.355, 'e': 0.03142976201836771}",20,10,17.218514102075943,"{0: 10, 1: 0, 2: 0, 3: 0, 4: 0}",1
347,False,"{'a': 0.355, 'e': 0.03111703066106086}",20,6,21.200265811340774,"{0: 14, 1: 0, 2: 0, 3: 0, 4: 0}",1
348,False,"{'a': 0.355, 'e': 0.03080741103275108}",20,11,19.485838520454323,"{0: 9, 1: 0, 2: 0, 3: 0, 4: 0}",1
349,False,"{'a': 0.355, 'e': 0.03050087217121748}",20,13,11.008610045388343,"{0: 7, 1: 0, 2: 0, 3: 0, 4: 0}",1
350,False,"{'a': 0.355, 'e': 0.030197383422318504}",25,6,-9.318374523560733,"{0: 18, 1: 0, 2: 0, 3: 0, 4: 1}",1
351,False,"{'a': 0.355, 'e': 0.029896914436926308}",30,18,24.43546107492802,"{0: 12, 1: 0, 2: 0, 3: 0, 4: 0}",1
1,True,"{'a': 0, 'e': 0}",20,5,32.49715918008282,"{0: 15, 1: 0, 2: 0, 3: 0, 4: 0}",1
2,True,"{'a': 0, 'e': 0}",25,19,13.754855319100288,"{0: 6, 1: 0, 2: 0, 3: 0, 4: 0}",1
3,True,"{'a': 0, 'e': 0}",20,10,20.55078421829823,"{0: 10, 1: 0, 2: 0, 3: 0, 4: 0}",1
4,True,"{'a': 0, 'e': 0}",25,16,15.407531702133713,"{0: 9, 1: 0, 2: 0, 3: 0, 4: 0}",1
5,True,"{'a': 0, 'e': 0}",25,13,20.13592188199495,"{0: 12, 1: 0, 2: 0, 3: 0, 4: 0}",1
6,True,"{'a': 0, 'e': 0}",20,14,10.688038216743,"{0: 6, 1: 0, 2: 0, 3: 0, 4: 0}",1
7,True,"{'a': 0, 'e': 0}",25,16,17.105379568396668,"{0: 9, 1: 0, 2: 0, 3: 0, 4: 0}",1
8,True,"{'a': 0, 'e': 0}",30,18,22.5411226265843,"{0: 12, 1: 0, 2: 0, 3: 0, 4: 0}",1
9,True,"{'a': 0, 'e': 0}",20,8,22.60926256820992,"{0: 12, 1: 0, 2: 0, 3: 0, 4: 0}",1
10,True,"{'a': 0, 'e': 0}",25,9,29.406286150032862,"{0: 16, 1: 0, 2: 0, 3: 0, 4: 0}",1
